epoch,time,train/box_loss,train/cls_loss,train/dfl_loss,metrics/precision(B),metrics/recall(B),metrics/mAP50(B),metrics/mAP50-95(B),val/box_loss,val/cls_loss,val/dfl_loss,lr/pg0,lr/pg1,lr/pg2
1,122.357,1.12926,2.68608,1.69386,0.00333,1,0.74266,0.4956,0.34459,2.89635,1.25225,0.0002,0.0002,0.0002
2,254.844,0.57335,2.3078,1.19955,0.00333,1,0.92662,0.78945,0.29793,2.86288,0.99352,0.000414803,0.000414803,0.000414803
3,360.631,0.4583,1.97758,1.09692,0.00333,1,0.995,0.84164,0.36384,2.84225,1.06151,0.00062416,0.00062416,0.00062416
4,467.236,0.45129,1.69046,1.03745,0.00333,1,0.77087,0.46262,0.92048,3.09614,1.52288,0.000828073,0.000828073,0.000828073
5,516.139,0.51932,1.50464,1.05649,0.00333,1,0.98,0.84242,0.56349,2.77099,1.3124,0.00102654,0.00102654,0.00102654
6,553.717,0.59539,1.40005,1.17242,0.816,0.90909,0.91571,0.7194,0.81179,2.62287,2.00838,0.00121956,0.00121956,0.00121956
7,592.403,0.61696,1.27433,1.11826,0.40245,1,0.46402,0.14758,2.58343,3.28359,4.45065,0.00140714,0.00140714,0.00140714
8,628.576,0.66975,1.33574,1.19531,0.94952,1,0.995,0.82159,0.70557,2.04857,1.82812,0.00158927,0.00158927,0.00158927
9,667.164,0.58683,1.14679,1.10566,0.94952,1,0.995,0.82159,0.70557,2.04857,1.82812,0.00176596,0.00176596,0.00176596
10,710.236,0.57397,1.11979,1.10857,0.98613,1,0.995,0.77892,0.46084,6.32959,1.22514,0.00177725,0.00177725,0.00177725
11,752.342,0.56122,1.18717,1.1259,0.70446,1,0.995,0.8703,0.40503,4.29433,1.07277,0.0017525,0.0017525,0.0017525
12,788.06,0.48178,1.0821,1.09906,0.70446,1,0.995,0.8703,0.40503,4.29433,1.07277,0.00172775,0.00172775,0.00172775
13,823.945,0.55837,0.98049,1.0883,0.91012,1,0.9875,0.86604,0.4043,2.97884,1.02822,0.001703,0.001703,0.001703
14,860.999,0.55666,0.96217,1.1393,0.54146,1,0.81841,0.71253,0.44335,2.29623,1.10374,0.00167825,0.00167825,0.00167825
15,894.716,0.5574,0.91829,1.09505,0.54146,1,0.81841,0.71253,0.44335,2.29623,1.10374,0.0016535,0.0016535,0.0016535
16,929.482,0.48631,0.89281,1.03559,0.56942,1,0.85286,0.73081,0.43748,2.18317,1.06362,0.00162875,0.00162875,0.00162875
17,964.497,0.46761,0.90207,1.02559,0.62547,0.90909,0.86724,0.68727,0.57464,2.111,1.14842,0.001604,0.001604,0.001604
18,998.372,0.44748,0.80097,1.02526,0.52002,1,0.83156,0.65146,0.46907,2.31428,1.06608,0.00157925,0.00157925,0.00157925
19,1042.59,0.4375,0.94679,1.04997,0.52002,1,0.83156,0.65146,0.46907,2.31428,1.06608,0.0015545,0.0015545,0.0015545
20,1079.23,0.50232,0.92307,1.05112,0.54626,1,0.9725,0.9215,0.32159,2.6694,0.94913,0.00152975,0.00152975,0.00152975
21,1118.51,0.46062,0.7648,1.0294,0.70461,1,0.97297,0.88239,0.56453,2.50046,1.12886,0.001505,0.001505,0.001505
22,1154.96,0.4274,0.78731,1.01999,0.70461,1,0.97297,0.88239,0.56453,2.50046,1.12886,0.00148025,0.00148025,0.00148025
23,1190.7,0.3846,0.76215,0.99349,0.44242,0.81818,0.46377,0.30693,0.90709,3.26434,1.37993,0.0014555,0.0014555,0.0014555
24,1227.75,0.39714,0.75694,1.02832,0.97722,1,0.995,0.89679,0.47741,1.21323,1.06759,0.00143075,0.00143075,0.00143075
25,1264.27,0.37428,0.69501,0.96453,0.97722,1,0.995,0.89679,0.47741,1.21323,1.06759,0.001406,0.001406,0.001406
26,1300.33,0.36109,0.72738,0.98624,0.99147,1,0.995,0.9282,0.35029,1.02009,0.94068,0.00138125,0.00138125,0.00138125
27,1339.36,0.37754,0.70511,0.96796,0.99305,1,0.995,0.995,0.33929,0.91949,0.93024,0.0013565,0.0013565,0.0013565
28,1378.39,0.36052,0.64051,0.99178,0.99305,1,0.995,0.995,0.33929,0.91949,0.93024,0.00133175,0.00133175,0.00133175
29,1412.86,0.38402,0.70711,0.97975,0.99465,1,0.995,0.96823,0.33524,0.77961,0.92303,0.001307,0.001307,0.001307
30,1453.46,0.35839,0.65367,0.99016,0.99555,1,0.995,0.91618,0.33067,0.84508,0.93396,0.00128225,0.00128225,0.00128225
31,1509.24,0.34297,0.71777,1.01049,0.99555,1,0.995,0.91618,0.33067,0.84508,0.93396,0.0012575,0.0012575,0.0012575
32,1553.05,0.35264,0.64204,0.98101,0.99545,1,0.995,0.98436,0.29112,0.86893,0.91203,0.00123275,0.00123275,0.00123275
33,1586.89,0.34944,0.72133,1.00369,0.9955,1,0.995,0.98355,0.30515,0.82467,0.91136,0.001208,0.001208,0.001208
34,1621.63,0.34123,0.63757,0.94273,0.99558,1,0.995,0.9617,0.30898,0.74642,0.90454,0.00118325,0.00118325,0.00118325
35,1656.72,0.30758,0.61068,0.9424,0.99558,1,0.995,0.9617,0.30898,0.74642,0.90454,0.0011585,0.0011585,0.0011585
36,1697.49,0.31994,0.60211,0.92877,0.99561,1,0.995,0.97209,0.29337,0.74198,0.9165,0.00113375,0.00113375,0.00113375
37,1734,0.30972,0.61358,0.99103,0.99568,1,0.995,0.9743,0.29863,0.74369,0.91437,0.001109,0.001109,0.001109
38,1767.19,0.32263,0.60301,0.92488,0.99568,1,0.995,0.9743,0.29863,0.74369,0.91437,0.00108425,0.00108425,0.00108425
39,1801.04,0.30078,0.55703,0.94726,0.99568,1,0.995,0.95818,0.27548,0.67854,0.91294,0.0010595,0.0010595,0.0010595
40,1834.87,0.29599,0.54413,0.97545,0.99574,1,0.995,0.995,0.29933,0.6509,0.91157,0.00103475,0.00103475,0.00103475
41,1869.84,0.28767,0.54289,0.93435,0.99574,1,0.995,0.995,0.29933,0.6509,0.91157,0.00101,0.00101,0.00101
42,1904.12,0.28444,0.60764,0.94015,0.9957,1,0.995,0.995,0.26282,0.67335,0.87944,0.00098525,0.00098525,0.00098525
43,1938.87,0.28015,0.54825,0.93102,0.99574,1,0.995,0.98027,0.2635,0.6806,0.88088,0.0009605,0.0009605,0.0009605
44,1973.8,0.31188,0.60981,0.96054,0.99574,1,0.995,0.98027,0.2635,0.6806,0.88088,0.00093575,0.00093575,0.00093575
45,2009.89,0.31019,0.52177,0.92921,0.99556,1,0.995,0.995,0.24846,0.61573,0.85726,0.000911,0.000911,0.000911
46,2044.81,0.30062,0.53675,0.9476,0.99515,1,0.995,0.98273,0.23982,0.63919,0.87012,0.00088625,0.00088625,0.00088625
47,2078.86,0.30463,0.52898,0.96114,0.99515,1,0.995,0.98273,0.23982,0.63919,0.87012,0.0008615,0.0008615,0.0008615
48,2116.02,0.35147,0.58811,0.97272,0.99533,1,0.995,0.98109,0.25236,0.7219,0.8891,0.00083675,0.00083675,0.00083675
49,2150.06,0.29588,0.58874,0.9467,0.99431,1,0.995,0.95088,0.27159,0.7367,0.91452,0.000812,0.000812,0.000812
50,2183.62,0.27723,0.52288,0.92651,0.99537,1,0.995,0.93085,0.28209,0.70254,0.94898,0.00078725,0.00078725,0.00078725
51,2218.25,0.29437,0.54107,0.9508,0.99537,1,0.995,0.93085,0.28209,0.70254,0.94898,0.0007625,0.0007625,0.0007625
52,2252.87,0.26947,0.4975,0.93928,0.99562,1,0.995,0.93591,0.26809,0.67207,0.92882,0.00073775,0.00073775,0.00073775
53,2288.76,0.27736,0.52246,0.9432,0.99566,1,0.995,0.94823,0.28688,0.60015,0.90775,0.000713,0.000713,0.000713
54,2328.73,0.30045,0.4996,0.92196,0.99566,1,0.995,0.94823,0.28688,0.60015,0.90775,0.00068825,0.00068825,0.00068825
55,2365.98,0.2665,0.48636,0.91064,0.99565,1,0.995,0.97777,0.2518,0.58949,0.86338,0.0006635,0.0006635,0.0006635
56,2404.74,0.26505,0.4929,0.90324,0.99568,1,0.995,0.995,0.21559,0.54128,0.84224,0.00063875,0.00063875,0.00063875
57,2440.83,0.24433,0.45395,0.90315,0.99568,1,0.995,0.995,0.21559,0.54128,0.84224,0.000614,0.000614,0.000614
58,2475.37,0.26049,0.47062,0.92896,0.99562,1,0.995,0.995,0.20083,0.56209,0.84071,0.00058925,0.00058925,0.00058925
59,2510.18,0.24815,0.47495,0.91045,0.99553,1,0.995,0.995,0.21563,0.60056,0.86757,0.0005645,0.0005645,0.0005645
60,2543.83,0.24041,0.46301,0.93309,0.99553,1,0.995,0.995,0.21563,0.60056,0.86757,0.00053975,0.00053975,0.00053975
61,2578.73,0.24762,0.44661,0.91164,0.9953,1,0.995,0.995,0.23569,0.61491,0.88367,0.000515,0.000515,0.000515
62,2613.79,0.23863,0.44028,0.90379,0.99552,1,0.995,0.995,0.28585,0.5765,0.91167,0.00049025,0.00049025,0.00049025
63,2650.53,0.25828,0.4499,0.93619,0.99552,1,0.995,0.995,0.28585,0.5765,0.91167,0.0004655,0.0004655,0.0004655
64,2685.64,0.24187,0.44702,0.92293,0.99559,1,0.995,0.96155,0.28052,0.55233,0.90442,0.00044075,0.00044075,0.00044075
65,2722.98,0.24161,0.44683,0.93444,0.99561,1,0.995,0.97336,0.24091,0.52617,0.86564,0.000416,0.000416,0.000416
66,2759.18,0.22113,0.43424,0.91167,0.99572,1,0.995,0.995,0.19599,0.52048,0.83026,0.00039125,0.00039125,0.00039125
67,2795.92,0.23819,0.42701,0.92898,0.99572,1,0.995,0.995,0.19599,0.52048,0.83026,0.0003665,0.0003665,0.0003665
68,2831.36,0.20403,0.44384,0.92015,0.99569,1,0.995,0.995,0.17305,0.54916,0.81561,0.00034175,0.00034175,0.00034175
69,2867.69,0.21648,0.40682,0.91054,0.99572,1,0.995,0.995,0.18587,0.49835,0.82404,0.000317,0.000317,0.000317
70,2905.26,0.21917,0.42955,0.94738,0.99572,1,0.995,0.995,0.18587,0.49835,0.82404,0.00029225,0.00029225,0.00029225
71,2941.34,0.19302,0.84354,0.87987,0.99566,1,0.995,0.995,0.20178,0.48793,0.83761,0.0002675,0.0002675,0.0002675
72,2977.5,0.2085,0.96512,0.86993,0.99567,1,0.995,0.98191,0.21977,0.53116,0.83667,0.00024275,0.00024275,0.00024275
73,3013.57,0.18869,0.71086,0.90541,0.99567,1,0.995,0.98191,0.21977,0.53116,0.83667,0.000218,0.000218,0.000218
74,3049.81,0.19899,0.68908,0.89014,0.99566,1,0.995,0.98273,0.21326,0.53088,0.82963,0.00019325,0.00019325,0.00019325
75,3084.57,0.18956,0.71028,0.94518,0.9956,1,0.995,0.98355,0.20512,0.53413,0.82597,0.0001685,0.0001685,0.0001685
76,3119.27,0.18705,0.64524,0.90151,0.9956,1,0.995,0.98355,0.20512,0.53413,0.82597,0.00014375,0.00014375,0.00014375
77,3155.3,0.18639,0.64948,0.91245,0.99559,1,0.995,0.995,0.19685,0.55035,0.82451,0.000119,0.000119,0.000119
78,3190.53,0.20306,0.66845,0.89377,0.99556,1,0.995,0.995,0.19145,0.54144,0.82175,9.425e-05,9.425e-05,9.425e-05
79,3224.67,0.18758,0.68231,0.90958,0.99556,1,0.995,0.995,0.19145,0.54144,0.82175,6.95e-05,6.95e-05,6.95e-05
80,3262.1,0.16207,0.62718,0.8797,0.99551,1,0.995,0.995,0.18956,0.5325,0.8203,4.475e-05,4.475e-05,4.475e-05
